{"cameraMode":{"drawMode":0,"name":"Shaded","section":"Shading Mode"},"sceneLighting":false,"audioPlay":false,"sceneViewState":{"showFog":true,"showMaterialUpdate":true,"showSkybox":false,"showFlares":true,"showImageEffects":true,"showParticleSystems":true},"in2DMode":false,"pivot":{"x":-2.430880546569824,"y":-0.14015409350395204,"z":0.005559444427490234},"rotation":{"x":-0.02457508072257042,"y":0.05155903473496437,"z":-0.0012674840399995447,"w":-0.9983724355697632},"size":2.1247448921203615,"orthographic":false}