{"cameraMode":{"drawMode":0,"name":"Shaded","section":"Shading Mode"},"sceneLighting":true,"audioPlay":false,"sceneViewState":{"showFog":true,"showMaterialUpdate":true,"showSkybox":true,"showFlares":true,"showImageEffects":true,"showParticleSystems":true},"in2DMode":false,"pivot":{"x":0.04166054725646973,"y":1.1369539499282838,"z":-1.9582757949829102},"rotation":{"x":-0.03448852151632309,"y":-0.01648949272930622,"z":-0.0005686043878085911,"w":0.999271810054779},"size":3.7212536334991457,"orthographic":false}